category,percentage
Home & Kitchen,4.662998751249902
Sports,4.695673072391921
Electronics,4.735663166594661
Clothing,4.685376993360726
Books,4.696712137602263
Beauty,4.6912416066074085
Toys,4.730750108034516
