Month,Total_amount
1,4.445777757600014E8
2,4.1536614419999766E8
3,4.436282454099968E8
4,4.2782097433999556E8
5,4.4481061894999766E8
6,4.317051540600035E8
7,4.436705191200028E8
8,4.410951770200006E8
9,4.3107152608000004E8
10,4.413637893100021E8
11,4.3362336404000014E8
12,4.427129083499984E8
