customer_id,Total_amount
93094,181569.68000000005
64560,169060.39999999997
23289,161573.8
52275,153364.78999999998
61218,153067.55
52034,152680.05
40442,151037.32000000004
60528,148691.95
84830,148363.84
82593,148281.04
